month,po_count,total_amount,average_amount
2026-01,547,21162463.43,38688.23296160877
2026-02,473,18975613.29,40117.575665961944
2026-03,483,18326327.35,37942.706728778474
